BMI,pred,se,ci,Upper,Lower
22,78.4488612284216,0.84767609455902,1.66144514533568,80.1103063737572,76.7874160830859
24,77.5510326193158,0.665767448928517,1.30490419989989,78.8559368192157,76.2461284194159
26,76.65320401021,0.588444858936365,1.15335192351527,77.8065559337252,75.4998520866947
28,75.7553754011042,0.653925017990895,1.28169303526215,77.0370684363663,74.473682365842
30,74.8575467919984,0.829034394636342,1.62490741348723,76.4824542054856,73.2326393785111
32,73.9597181828926,1.06080518806028,2.07917816859814,76.0388963514907,71.8805400142944
34,73.0618895737868,1.31971466148219,2.58664073650509,75.6485303102919,70.4752488372817
