Exerciseenough,predicted.value,standard.error,Comparisons,ci,plow,pup
Regional,72.335777766607,0.684302823232367,a,1.34123353353544,70.9945442330716,73.6770113001425
Metropolitan,80.5641343206177,1.13569603750951,b,2.22596423351863,78.3381700870991,82.7900985541363
