Posting,predicted.value,standard.error,Comparisons,ci,plow,pup
Metropolitan,75.3834965803011,0.876899160551044,a,1.71872235468005,73.664774225621,77.1022189349811
Regional,77.5164155069236,0.892751738228754,b,1.74979340692836,75.7666220999953,79.266208913852
